account-account-product-other-home-home,7
account-account-product-other-home-other,6
account-account-product-other-home-product,35
account-account-product-other-home-search,5
account-account-product-other-other-account,121
account-account-product-other-other-end,122
account-account-product-other-other-home,42
account-account-product-other-other-other,286
account-account-product-other-other-product,206
account-account-product-other-other-search,23
account-account-product-other-product-account,88
account-account-product-other-product-end,116
account-account-product-other-product-home,19
account-account-product-other-product-other,53
account-account-product-other-product-product,317
account-account-product-other-product-search,20
account-account-product-other-search-account,12
account-account-product-other-search-end,4
account-account-product-other-search-other,1
account-account-product-other-search-product,23
account-account-product-other-search-search,8
account-account-product-product-account-account,3417
account-account-product-product-account-end,594
account-account-product-product-account-home,122
account-account-product-product-account-other,176
account-account-product-product-account-product,1932
account-account-product-product-account-search,150
account-account-product-product-end,10185
account-account-product-product-home-account,214
account-account-product-product-home-end,326
account-account-product-product-home-home,170
account-account-product-product-home-other,48
account-account-product-product-home-product,809
account-account-product-product-home-search,291
account-account-product-product-other-account,107
account-account-product-product-other-end,59
account-account-product-product-other-home,17
account-account-product-product-other-other,203
account-account-product-product-other-product,153
account-account-product-product-other-search,18
account-account-product-product-product-account,2583
account-account-product-product-product-end,4658
account-account-product-product-product-home,751
account-account-product-product-product-other,237
account-account-product-product-product-product,13769
account-account-product-product-product-search,870
account-account-product-product-search-account,375
account-account-product-product-search-end,52
account-account-product-product-search-home,16
account-account-product-product-search-other,6
account-account-product-product-search-product,1127
account-account-product-product-search-search,285
account-account-product-search-account-account,656
account-account-product-search-account-end,51
account-account-product-search-account-home,11
account-account-product-search-account-other,19
account-account-product-search-account-product,346
account-account-product-search-account-search,55
account-account-product-search-end,159
account-account-product-search-home-account,3
account-account-product-search-home-end,3
account-account-product-search-home-home,4
account-account-product-search-home-other,2
account-account-product-search-home-product,17
account-account-product-search-home-search,9
account-account-product-search-other-account,1
account-account-product-search-other-end,1
account-account-product-search-other-home,2
account-account-product-search-other-other,6
account-account-product-search-other-product,3
account-account-product-search-product-account,245
account-account-product-search-product-end,530
account-account-product-search-product-home,88
account-account-product-search-product-other,26
account-account-product-search-product-product,1249
account-account-product-search-product-search,395
account-account-product-search-search-account,89
account-account-product-search-search-end,37
account-account-product-search-search-home,8
account-account-product-search-search-other,6
account-account-product-search-search-product,378
account-account-product-search-search-search,161
account-account-search-account-account-account,578
account-account-search-account-account-end,145
account-account-search-account-account-home,49
account-account-search-account-account-other,38
account-account-search-account-account-product,731
account-account-search-account-account-search,196
account-account-search-account-end,227
account-account-search-account-home-account,14
account-account-search-account-home-end,8
account-account-search-account-home-home,3
account-account-search-account-home-other,3
account-account-search-account-home-product,10
account-account-search-account-home-search,12
account-account-search-account-other-account,5
account-account-search-account-other-end,7
account-account-search-account-other-other,13
account-account-search-account-other-product,23
account-account-search-account-other-search,2
account-account-search-account-product-account,188
account-account-search-account-product-end,187
account-account-search-account-product-home,26
account-account-search-account-product-other,8
account-account-search-account-product-product,302
account-account-search-account-product-search,91
account-account-search-account-search-account,147
account-account-search-account-search-end,8
account-account-search-account-search-home,1
account-account-search-account-search-product,63
account-account-search-account-search-search,26
account-account-search-end,412
account-account-search-home-account-account,3
account-account-search-home-account-end,1
account-account-search-home-account-product,2
account-account-search-home-end,15
account-account-search-home-home-account,1
account-account-search-home-home-home,1
account-account-search-home-home-other,1
account-account-search-home-home-product,1
account-account-search-home-home-search,5
account-account-search-home-other-other,1
account-account-search-home-other-product,3
account-account-search-home-product-account,5
account-account-search-home-product-end,4
account-account-search-home-product-home,6
account-account-search-home-product-product,7
account-account-search-home-product-search,4
account-account-search-home-search-account,4
account-account-search-home-search-end,1
account-account-search-home-search-home,3
account-account-search-home-search-product,16
account-account-search-home-search-search,5
account-account-search-other-account-account,1
account-account-search-other-account-other,3
account-account-search-other-account-search,2
account-account-search-other-end,7
account-account-search-other-home-end,3
account-account-search-other-home-home,1
account-account-search-other-other-account,1
account-account-search-other-other-other,9
account-account-search-other-other-product,6
account-account-search-other-other-search,3
account-account-search-other-product-account,4
account-account-search-other-product-end,2
account-account-search-other-product-other,3
account-account-search-other-product-product,7
account-account-search-other-product-search,2
account-account-search-other-search-account,1
account-account-search-other-search-product,5
account-account-search-other-search-search,1
account-account-search-product-account-account,257
account-account-search-product-account-end,56
account-account-search-product-account-home,13
account-account-search-product-account-other,18
account-account-search-product-account-product,171
account-account-search-product-account-search,73
account-account-search-product-end,1212
account-account-search-product-home-account,14
account-account-search-product-home-end,40
account-account-search-product-home-home,11
account-account-search-product-home-other,4
account-account-search-product-home-product,45
account-account-search-product-home-search,51
account-account-search-product-other-account,3
account-account-search-product-other-end,7
account-account-search-product-other-home,5
account-account-search-product-other-other,14
account-account-search-product-other-product,17
account-account-search-product-other-search,2
account-account-search-product-product-account,216
account-account-search-product-product-end,493
account-account-search-product-product-home,63
account-account-search-product-product-other,25
account-account-search-product-product-product,1409
account-account-search-product-product-search,350
account-account-search-product-search-account,67
account-account-search-product-search-end,34
account-account-search-product-search-home,3
account-account-search-product-search-other,4
account-account-search-product-search-product,607
account-account-search-product-search-search,135
account-account-search-search-account-account,171
account-account-search-search-account-end,23
account-account-search-search-account-home,11
account-account-search-search-account-other,9
account-account-search-search-account-product,80
account-account-search-search-account-search,29
account-account-search-search-end,115
account-account-search-search-home-account,2
account-account-search-search-home-end,2
account-account-search-search-home-home,1
account-account-search-search-home-product,10
account-account-search-search-home-search,11
account-account-search-search-other-account,1
account-account-search-search-other-other,1
account-account-search-search-other-product,2
account-account-search-search-product-account,92
account-account-search-search-product-end,186
account-account-search-search-product-home,37
account-account-search-search-product-other,7
account-account-search-search-product-product,472
account-account-search-search-product-search,182
account-account-search-search-search-account,67
account-account-search-search-search-end,35
account-account-search-search-search-home,5
account-account-search-search-search-other,8
account-account-search-search-search-product,231
account-account-search-search-search-search,203
account-end,202885
account-home-account-account-account-account,670
account-home-account-account-account-end,112
account-home-account-account-account-home,120
account-home-account-account-account-other,92
account-home-account-account-account-product,314
account-home-account-account-account-search,26
account-home-account-account-end,358
account-home-account-account-home-account,123
account-home-account-account-home-end,88
account-home-account-account-home-home,39
account-home-account-account-home-other,11
account-home-account-account-home-product,115
account-home-account-account-home-search,34
account-home-account-account-other-account,11
account-home-account-account-other-end,9
account-home-account-account-other-home,13
account-home-account-account-other-other,42
account-home-account-account-other-product,56
account-home-account-account-other-search,3
account-home-account-account-product-account,268
account-home-account-account-product-end,290
account-home-account-account-product-home,150
account-home-account-account-product-other,14
account-home-account-account-product-product,462
account-home-account-account-product-search,46
account-home-account-account-search-account,40
account-home-account-account-search-end,5
account-home-account-account-search-home,1
account-home-account-account-search-other,1
account-home-account-account-search-product,50
account-home-account-account-search-search,10
account-home-account-end,1117
account-home-account-home-account-account,126
account-home-account-home-account-end,28
account-home-account-home-account-home,338
account-home-account-home-account-other,12
account-home-account-home-account-product,45
account-home-account-home-account-search,10
account-home-account-home-end,381
account-home-account-home-home-account,40
account-home-account-home-home-end,21
account-home-account-home-home-home,75
account-home-account-home-home-other,11
account-home-account-home-home-product,47
account-home-account-home-home-search,17
account-home-account-home-other-account,5
account-home-account-home-other-end,3
account-home-account-home-other-home,28
account-home-account-home-other-other,24
account-home-account-home-other-product,9
account-home-account-home-product-account,58
account-home-account-home-product-end,94
account-home-account-home-product-home,359
account-home-account-home-product-other,2
account-home-account-home-product-product,134
account-home-account-home-product-search,14
account-home-account-home-search-account,15
account-home-account-home-search-end,4
account-home-account-home-search-home,21
account-home-account-home-search-product,44
account-home-account-home-search-search,13
account-home-account-other-account-account,20
account-home-account-other-account-end,4
account-home-account-other-account-home,5
account-home-account-other-account-other,5
account-home-account-other-account-product,7
account-home-account-other-end,37
account-home-account-other-home-account,6
account-home-account-other-home-end,6
account-home-account-other-home-home,2
account-home-account-other-home-other,4
account-home-account-other-home-product,8
account-home-account-other-home-search,4
account-home-account-other-other-account,23
account-home-account-other-other-end,24
account-home-account-other-other-home,21
account-home-account-other-other-other,58
account-home-account-other-other-product,31
account-home-account-other-other-search,1
account-home-account-other-product-account,16
account-home-account-other-product-end,39
account-home-account-other-product-home,7
account-home-account-other-product-other,7
account-home-account-other-product-product,69
account-home-account-other-product-search,9
account-home-account-other-search-account,2
account-home-account-other-search-product,5
account-home-account-product-account-account,188
account-home-account-product-account-end,45
account-home-account-product-account-home,53
account-home-account-product-account-other,16
account-home-account-product-account-product,185
account-home-account-product-account-search,15
account-home-account-product-end,581
account-home-account-product-home-account,61
account-home-account-product-home-end,61
account-home-account-product-home-home,30
account-home-account-product-home-other,10
account-home-account-product-home-product,144
account-home-account-product-home-search,19
account-home-account-product-other-account,5
account-home-account-product-other-end,2
account-home-account-product-other-home,4
account-home-account-product-other-other,19
account-home-account-product-other-product,5
account-home-account-product-product-account,133
account-home-account-product-product-end,190
account-home-account-product-product-home,103
account-home-account-product-product-other,7
account-home-account-product-product-product,489
account-home-account-product-product-search,30
account-home-account-product-search-account,26
account-home-account-product-search-end,3
account-home-account-product-search-home,2
account-home-account-product-search-product,43
account-home-account-product-search-search,16
account-home-account-search-account-account,40
account-home-account-search-account-end,9
account-home-account-search-account-home,7
account-home-account-search-account-other,4
account-home-account-search-account-product,22
account-home-account-search-account-search,4
account-home-account-search-end,9
account-home-account-search-home-account,2
account-home-account-search-home-product,3
account-home-account-search-home-search,4
account-home-account-search-other-account,1
account-home-account-search-other-other,1
account-home-account-search-product-account,11
account-home-account-search-product-end,24
account-home-account-search-product-home,9
account-home-account-search-product-other,2
account-home-account-search-product-product,72
account-home-account-search-product-search,24
account-home-account-search-search-account,4
account-home-account-search-search-product,28
account-home-account-search-search-search,12
account-home-end,15432
account-home-home-account-account-account,204
account-home-home-account-account-end,35
account-home-home-account-account-home,58
account-home-home-account-account-other,29
account-home-home-account-account-product,116
account-home-home-account-account-search,15
account-home-home-account-end,144
account-home-home-account-home-account,46
account-home-home-account-home-end,31
account-home-home-account-home-home,104
account-home-home-account-home-other,8
account-home-home-account-home-product,61
account-home-home-account-home-search,20
account-home-home-account-other-account,11
account-home-home-account-other-end,3
account-home-home-account-other-home,6
account-home-home-account-other-other,50
account-home-home-account-other-product,17
account-home-home-account-other-search,1
account-home-home-account-product-account,57
account-home-home-account-product-end,47
account-home-home-account-product-home,38
account-home-home-account-product-other,8
account-home-home-account-product-product,97
account-home-home-account-product-search,6
account-home-home-account-search-account,13
account-home-home-account-search-product,11
account-home-home-account-search-search,3
account-home-home-end,1096
account-home-home-home-account-account,59
account-home-home-home-account-end,15
account-home-home-home-account-home,52
account-home-home-home-account-other,7
account-home-home-home-account-product,33
account-home-home-home-account-search,5
account-home-home-home-end,150
account-home-home-home-home-account,58
account-home-home-home-home-end,44
account-home-home-home-home-home,205
account-home-home-home-home-other,27
account-home-home-home-home-product,111
account-home-home-home-home-search,23
account-home-home-home-other-account,16
account-home-home-home-other-end,5
account-home-home-home-other-home,17
account-home-home-home-other-other,24
account-home-home-home-other-product,11
account-home-home-home-product-account,29
account-home-home-home-product-end,46
account-home-home-home-product-home,130
account-home-home-home-product-other,6
account-home-home-home-product-product,95
account-home-home-home-product-search,18
account-home-home-home-search-account,22
account-home-home-home-search-end,3
account-home-home-home-search-home,27
account-home-home-home-search-product,50
account-home-home-home-search-search,22
account-home-home-other-account-account,54
account-home-home-other-account-end,11
account-home-home-other-account-home,9
account-home-home-other-account-other,17
account-home-home-other-account-product,25
account-home-home-other-end,44
account-home-home-other-home-account,5
account-home-home-other-home-end,8
account-home-home-other-home-home,22
account-home-home-other-home-other,6
account-home-home-other-home-product,17
account-home-home-other-home-search,1
account-home-home-other-other-account,35
account-home-home-other-other-end,27
account-home-home-other-other-home,18
account-home-home-other-other-other,99
account-home-home-other-other-product,62
account-home-home-other-other-search,2
account-home-home-other-product-account,21
account-home-home-other-product-end,31
account-home-home-other-product-home,9
account-home-home-other-product-other,15
account-home-home-other-product-product,35
account-home-home-other-product-search,2
account-home-home-other-search-account,2
account-home-home-other-search-product,7
account-home-home-other-search-search,2
account-home-home-product-account-account,110
account-home-home-product-account-end,26
account-home-home-product-account-home,39
account-home-home-product-account-other,13
account-home-home-product-account-product,108
account-home-home-product-account-search,8
account-home-home-product-end,480
account-home-home-product-home-account,56
account-home-home-product-home-end,116
account-home-home-product-home-home,129
account-home-home-product-home-other,10
account-home-home-product-home-product,242
account-home-home-product-home-search,34
account-home-home-product-other-account,5
account-home-home-product-other-end,5
account-home-home-product-other-home,3
account-home-home-product-other-other,22
account-home-home-product-other-product,11
account-home-home-product-product-account,103
account-home-home-product-product-end,169
account-home-home-product-product-home,140
account-home-home-product-product-other,12
account-home-home-product-product-product,513
account-home-home-product-product-search,43
account-home-home-product-search-account,10
account-home-home-product-search-end,2
account-home-home-product-search-home,5
account-home-home-product-search-product,56
account-home-home-product-search-search,16
account-home-home-search-account-account,50
account-home-home-search-account-end,14
account-home-home-search-account-home,11
account-home-home-search-account-other,4
account-home-home-search-account-product,36
account-home-home-search-account-search,13
account-home-home-search-end,21
account-home-home-search-home-account,9
account-home-home-search-home-end,3
account-home-home-search-home-home,14
account-home-home-search-home-other,1
account-home-home-search-home-product,15
account-home-home-search-home-search,9
account-home-home-search-other-other,2
account-home-home-search-product-account,30
account-home-home-search-product-end,84
account-home-home-search-product-home,40
account-home-home-search-product-other,2
account-home-home-search-product-product,169
account-home-home-search-product-search,69
account-home-home-search-search-account,14
account-home-home-search-search-end,8
account-home-home-search-search-home,2
account-home-home-search-search-other,1
account-home-home-search-search-product,80
account-home-home-search-search-search,32
account-home-other-account-account-account,58
account-home-other-account-account-end,11
account-home-other-account-account-home,16
account-home-other-account-account-other,12
account-home-other-account-account-product,26
account-home-other-account-account-search,5
account-home-other-account-end,46
account-home-other-account-home-account,14
account-home-other-account-home-end,9
account-home-other-account-home-home,2
account-home-other-account-home-other,7
account-home-other-account-home-product,17
account-home-other-account-home-search,5
account-home-other-account-other-account,13
account-home-other-account-other-end,4
account-home-other-account-other-home,4
account-home-other-account-other-other,19
account-home-other-account-other-product,5
account-home-other-account-product-account,15
account-home-other-account-product-end,14
account-home-other-account-product-home,10
account-home-other-account-product-other,1
account-home-other-account-product-product,16
account-home-other-account-product-search,2
account-home-other-account-search-account,2
account-home-other-account-search-product,6
account-home-other-account-search-search,2
account-home-other-end,243
account-home-other-home-account-account,24
account-home-other-home-account-end,9
account-home-other-home-account-home,10
account-home-other-home-account-other,2
account-home-other-home-account-product,7
account-home-other-home-end,76
account-home-other-home-home-account,8
account-home-other-home-home-end,8
account-home-other-home-home-home,16
account-home-other-home-home-other,7
account-home-other-home-home-product,8
account-home-other-home-home-search,1
account-home-other-home-other-account,3
account-home-other-home-other-home,6
account-home-other-home-other-other,6
account-home-other-home-other-product,4
account-home-other-home-product-account,13
account-home-other-home-product-end,20
account-home-other-home-product-home,54
account-home-other-home-product-other,1
account-home-other-home-product-product,33
account-home-other-home-product-search,4
account-home-other-home-search-account,4
account-home-other-home-search-home,1
account-home-other-home-search-product,9
account-home-other-home-search-search,5
account-home-other-other-account-account,41
account-home-other-other-account-end,19
account-home-other-other-account-home,4
account-home-other-other-account-other,13
account-home-other-other-account-product,12
account-home-other-other-account-search,3
account-home-other-other-end,122
account-home-other-other-home-account,30
account-home-other-other-home-end,27
account-home-other-other-home-home,12
account-home-other-other-home-other,16
account-home-other-other-home-product,39
account-home-other-other-home-search,4
account-home-other-other-other-account,56
account-home-other-other-other-end,42
account-home-other-other-other-home,52
account-home-other-other-other-other,105
account-home-other-other-other-product,80
account-home-other-other-other-search,6
account-home-other-other-product-account,29
account-home-other-other-product-end,42
account-home-other-other-product-home,27
account-home-other-other-product-other,34
account-home-other-other-product-product,69
account-home-other-other-product-search,6
account-home-other-other-search-account,5
account-home-other-other-search-end,2
account-home-other-other-search-product,5
account-home-other-other-search-search,3
account-home-other-product-account-account,37
account-home-other-product-account-end,11
account-home-other-product-account-home,6
account-home-other-product-account-other,5
account-home-other-product-account-product,22
account-home-other-product-account-search,1
account-home-other-product-end,147
account-home-other-product-home-account,8
account-home-other-product-home-end,12
account-home-other-product-home-home,3
account-home-other-product-home-other,8
account-home-other-product-home-product,19
account-home-other-product-home-search,4
account-home-other-product-other-account,5
account-home-other-product-other-end,3
account-home-other-product-other-home,1
account-home-other-product-other-other,11
account-home-other-product-other-product,19
account-home-other-product-product-account,21
account-home-other-product-product-end,58
account-home-other-product-product-home,25
account-home-other-product-product-other,10
account-home-other-product-product-product,154
account-home-other-product-product-search,9
account-home-other-product-search-account,5
account-home-other-product-search-product,14
account-home-other-product-search-search,4
account-home-other-search-account-account,4
account-home-other-search-account-product,4
account-home-other-search-account-search,1
account-home-other-search-end,2
account-home-other-search-home-product,1
account-home-other-search-product-account,3
account-home-other-search-product-end,6
account-home-other-search-product-product,12
account-home-other-search-product-search,1
account-home-other-search-search-home,1
account-home-other-search-search-product,3
account-home-other-search-search-search,2
account-home-product-account-account-account,497
account-home-product-account-account-end,144
account-home-product-account-account-home,159
account-home-product-account-account-other,38
account-home-product-account-account-product,602
account-home-product-account-account-search,35
account-home-product-account-end,414
account-home-product-account-home-account,108
account-home-product-account-home-end,80
account-home-product-account-home-home,37
account-home-product-account-home-other,5
account-home-product-account-home-product,301
account-home-product-account-home-search,45
account-home-product-account-other-account,11
account-home-product-account-other-end,12
account-home-product-account-other-home,9
account-home-product-account-other-other,35
account-home-product-account-other-product,49
account-home-product-account-product-account,282
account-home-product-account-product-end,227
account-home-product-account-product-home,143
account-home-product-account-product-other,17
account-home-product-account-product-product,557
account-home-product-account-product-search,51
account-home-product-account-search-account,37
account-home-product-account-search-end,2
account-home-product-account-search-product,94
account-home-product-account-search-search,17
account-home-product-end,7815
account-home-product-home-account-account,228
account-home-product-home-account-end,51
account-home-product-home-account-home,207
account-home-product-home-account-other,25
account-home-product-home-account-product,204
account-home-product-home-account-search,16
account-home-product-home-end,1347
account-home-product-home-home-account,55
account-home-product-home-home-end,71
account-home-product-home-home-home,114
account-home-product-home-home-other,10
account-home-product-home-home-product,182
account-home-product-home-home-search,36
account-home-product-home-other-account,13
account-home-product-home-other-end,7
account-home-product-home-other-home,26
account-home-product-home-other-other,34
account-home-product-home-other-product,37
account-home-product-home-other-search,2
account-home-product-home-product-account,316
account-home-product-home-product-end,687
account-home-product-home-product-home,1199
account-home-product-home-product-other,28
account-home-product-home-product-product,921
account-home-product-home-product-search,112
account-home-product-home-search-account,61
account-home-product-home-search-end,18
account-home-product-home-search-home,33
account-home-product-home-search-product,241
account-home-product-home-search-search,68
account-home-product-other-account-account,19
account-home-product-other-account-end,6
account-home-product-other-account-home,5
account-home-product-other-account-other,2
account-home-product-other-account-product,11
account-home-product-other-account-search,1
account-home-product-other-end,49
account-home-product-other-home-account,5
account-home-product-other-home-end,10
account-home-product-other-home-home,5
account-home-product-other-home-other,3
account-home-product-other-home-product,15
account-home-product-other-home-search,2
account-home-product-other-other-account,11
account-home-product-other-other-end,12
account-home-product-other-other-home,8
account-home-product-other-other-other,49
account-home-product-other-other-product,24
account-home-product-other-other-search,5
account-home-product-other-product-account,12
account-home-product-other-product-end,21
account-home-product-other-product-home,13
account-home-product-other-product-other,6
account-home-product-other-product-product,61
account-home-product-other-product-search,3
account-home-product-other-search-other,1
account-home-product-other-search-product,6
account-home-product-other-search-search,1
account-home-product-product-account-account,466
account-home-product-product-account-end,148
account-home-product-product-account-home,176
account-home-product-product-account-other,42
account-home-product-product-account-product,426
account-home-product-product-account-search,58
account-home-product-product-end,2879
account-home-product-product-home-account,137
account-home-product-product-home-end,266
account-home-product-product-home-home,76
account-home-product-product-home-other,32
account-home-product-product-home-product,825
account-home-product-product-home-search,131
account-home-product-product-other-account,13
account-home-product-product-other-end,14
account-home-product-product-other-home,8
account-home-product-product-other-other,32
account-home-product-product-other-product,38
account-home-product-product-other-search,1
account-home-product-product-product-account,477
account-home-product-product-product-end,1254
account-home-product-product-product-home,486
account-home-product-product-product-other,50
account-home-product-product-product-product,3679
account-home-product-product-product-search,217
account-home-product-product-search-account,70
account-home-product-product-search-end,9
account-home-product-product-search-home,6
account-home-product-product-search-other,2
account-home-product-product-search-product,359
account-home-product-product-search-search,95
account-home-product-search-account-account,99
account-home-product-search-account-end,18
account-home-product-search-account-home,13
account-home-product-search-account-other,2
account-home-product-search-account-product,84
account-home-product-search-account-search,13
account-home-product-search-end,50
account-home-product-search-home-account,4
account-home-product-search-home-end,5
account-home-product-search-home-home,2
account-home-product-search-home-other,1
account-home-product-search-home-product,5
account-home-product-search-home-search,5
account-home-product-search-other-product,1
account-home-product-search-other-search,1
account-home-product-search-product-account,61
account-home-product-search-product-end,156
account-home-product-search-product-home,77
account-home-product-search-product-other,10
account-home-product-search-product-product,389
account-home-product-search-product-search,127
account-home-product-search-search-account,17
account-home-product-search-search-end,8
account-home-product-search-search-home,7
account-home-product-search-search-product,120
account-home-product-search-search-search,49
account-home-search-account-account-account,190
account-home-search-account-account-end,53
account-home-search-account-account-home,36
account-home-search-account-account-other,10
account-home-search-account-account-product,300
account-home-search-account-account-search,45
account-home-search-account-end,133
account-home-search-account-home-account,20
account-home-search-account-home-end,20
account-home-search-account-home-home,7
account-home-search-account-home-other,1
account-home-search-account-home-product,19
account-home-search-account-home-search,23
account-home-search-account-other-account,2
account-home-search-account-other-end,1
account-home-search-account-other-other,6
account-home-search-account-other-product,22
account-home-search-account-other-search,1
account-home-search-account-product-account,89
account-home-search-account-product-end,127
account-home-search-account-product-home,47
account-home-search-account-product-other,3
account-home-search-account-product-product,202
account-home-search-account-product-search,32
account-home-search-account-search-account,43
account-home-search-account-search-end,5
account-home-search-account-search-home,2
account-home-search-account-search-product,28
account-home-search-account-search-search,17
account-home-search-end,345
account-home-search-home-account-account,8
account-home-search-home-account-end,1
account-home-search-home-account-home,26
account-home-search-home-account-other,1
account-home-search-home-account-product,4
account-home-search-home-account-search,2
account-home-search-home-end,26
account-home-search-home-home-account,4
account-home-search-home-home-end,2
account-home-search-home-home-home,17
account-home-search-home-home-other,2
account-home-search-home-home-product,8
account-home-search-home-home-search,3
account-home-search-home-other-account,1
account-home-search-home-other-home,2
account-home-search-home-other-other,1
account-home-search-home-product-account,4
account-home-search-home-product-end,10
account-home-search-home-product-home,93
account-home-search-home-product-product,19
account-home-search-home-product-search,4
account-home-search-home-search-account,7
account-home-search-home-search-end,7
account-home-search-home-search-home,23
account-home-search-home-search-product,29
account-home-search-home-search-search,7
account-home-search-other-end,1
account-home-search-other-home-product,1
account-home-search-other-home-search,1
account-home-search-other-other-end,2
account-home-search-other-other-other,3
account-home-search-other-other-product,1
account-home-search-other-product-account,2
account-home-search-other-product-end,2
account-home-search-other-product-other,3
account-home-search-other-product-product,7
account-home-search-other-product-search,1
account-home-search-product-account-account,135
account-home-search-product-account-end,33
account-home-search-product-account-home,33
account-home-search-product-account-other,9
account-home-search-product-account-product,110
account-home-search-product-account-search,29
account-home-search-product-end,1372
account-home-search-product-home-account,21
account-home-search-product-home-end,74
account-home-search-product-home-home,32
account-home-search-product-home-other,7
account-home-search-product-home-product,107
account-home-search-product-home-search,132
account-home-search-product-other-account,1
account-home-search-product-other-end,6
account-home-search-product-other-home,1
account-home-search-product-other-other,12
account-home-search-product-other-product,11
account-home-search-product-product-account,128
account-home-search-product-product-end,585
account-home-search-product-product-home,155
account-home-search-product-product-other,10
account-home-search-product-product-product,1350
account-home-search-product-product-search,397
account-home-search-product-search-account,26
account-home-search-product-search-end,39
account-home-search-product-search-home,17
account-home-search-product-search-other,4
account-home-search-product-search-product,648
account-home-search-product-search-search,147
account-home-search-search-account-account,79
account-home-search-search-account-end,13
account-home-search-search-account-home,4
account-home-search-search-account-other,3
account-home-search-search-account-product,50
account-home-search-search-account-search,20
account-home-search-search-end,100
account-home-search-search-home-account,3
account-home-search-search-home-end,6
account-home-search-search-home-home,6
account-home-search-search-home-product,10
account-home-search-search-home-search,15
account-home-search-search-other-other,2
account-home-search-search-other-product,2
account-home-search-search-product-account,67
account-home-search-search-product-end,203
account-home-search-search-product-home,55
account-home-search-search-product-other,5
account-home-search-search-product-product,414
account-home-search-search-product-search,157
account-home-search-search-search-account,44
account-home-search-search-search-end,27
account-home-search-search-search-home,13
account-home-search-search-search-other,5
account-home-search-search-search-product,221
account-home-search-search-search-search,158
account-other-account-account-account-account,732
account-other-account-account-account-end,157
account-other-account-account-account-home,27
account-other-account-account-account-other,151
account-other-account-account-account-product,241
account-other-account-account-account-search,32
account-other-account-account-end,335
account-other-account-account-home-account,17
account-other-account-account-home-end,15
account-other-account-account-home-home,14
account-other-account-account-home-other,10
account-other-account-account-home-product,31
account-other-account-account-home-search,10
account-other-account-account-other-account,84
account-other-account-account-other-end,40
account-other-account-account-other-home,6
account-other-account-account-other-other,98
account-other-account-account-other-product,59
account-other-account-account-other-search,3
account-other-account-account-product-account,241
account-other-account-account-product-end,163
account-other-account-account-product-home,22
account-other-account-account-product-other,38
account-other-account-account-product-product,250
account-other-account-account-product-search,29
account-other-account-account-search-account,30
account-other-account-account-search-end,5
account-other-account-account-search-home,1
account-other-account-account-search-product,31
account-other-account-account-search-search,11
account-other-account-end,1023
account-other-account-home-account-account,18
account-other-account-home-account-end,5
account-other-account-home-account-home,4
account-other-account-home-account-other,3
account-other-account-home-account-product,14
account-other-account-home-account-search,2
account-other-account-home-end,41
account-other-account-home-home-account,7
account-other-account-home-home-end,2
account-other-account-home-home-home,2
account-other-account-home-home-other,7
account-other-account-home-home-product,9
account-other-account-home-other-account,7
account-other-account-home-other-end,3
account-other-account-home-other-other,8
account-other-account-home-other-product,1
account-other-account-home-product-account,25
account-other-account-home-product-end,23
account-other-account-home-product-home,8
account-other-account-home-product-other,6
account-other-account-home-product-product,30
account-other-account-home-product-search,5
account-other-account-home-search-account,6
account-other-account-home-search-end,1
account-other-account-home-search-home,2
account-other-account-home-search-product,12
account-other-account-home-search-search,4
account-other-account-other-account-account,99
account-other-account-other-account-end,26
account-other-account-other-account-home,5
account-other-account-other-account-other,98
account-other-account-other-account-product,40
account-other-account-other-account-search,11
account-other-account-other-end,163
account-other-account-other-home-account,3
account-other-account-other-home-end,12
account-other-account-other-home-home,7
account-other-account-other-home-other,7
account-other-account-other-home-product,8
account-other-account-other-home-search,1
account-other-account-other-other-account,81
account-other-account-other-other-end,80
account-other-account-other-other-home,14
account-other-account-other-other-other,132
account-other-account-other-other-product,57
account-other-account-other-other-search,5
account-other-account-other-product-account,46
account-other-account-other-product-end,71
account-other-account-other-product-home,4
account-other-account-other-product-other,31
account-other-account-other-product-product,116
account-other-account-other-product-search,8
account-other-account-other-search-account,2
account-other-account-other-search-end,2
account-other-account-other-search-other,2
account-other-account-other-search-product,11
account-other-account-other-search-search,7
account-other-account-product-account-account,193
account-other-account-product-account-end,43
account-other-account-product-account-home,8
account-other-account-product-account-other,46
account-other-account-product-account-product,144
account-other-account-product-account-search,16
account-other-account-product-end,331
account-other-account-product-home-account,7
account-other-account-product-home-end,7
account-other-account-product-home-home,5
account-other-account-product-home-other,3
account-other-account-product-home-product,25
account-other-account-product-home-search,8
account-other-account-product-other-account,19
account-other-account-product-other-end,12
account-other-account-product-other-home,5
account-other-account-product-other-other,36
account-other-account-product-other-product,18
account-other-account-product-other-search,1
account-other-account-product-product-account,100
account-other-account-product-product-end,97
account-other-account-product-product-home,11
account-other-account-product-product-other,23
account-other-account-product-product-product,264
account-other-account-product-product-search,22
account-other-account-product-search-account,12
account-other-account-product-search-end,2
account-other-account-product-search-product,25
account-other-account-product-search-search,6
account-other-account-search-account-account,33
account-other-account-search-account-end,8
account-other-account-search-account-home,1
account-other-account-search-account-other,1
account-other-account-search-account-product,28
account-other-account-search-account-search,4
account-other-account-search-end,11
account-other-account-search-home-product,1
account-other-account-search-home-search,1
account-other-account-search-other-end,1
account-other-account-search-other-other,2
account-other-account-search-product-account,16
account-other-account-search-product-end,18
account-other-account-search-product-home,5
account-other-account-search-product-other,4
account-other-account-search-product-product,77
account-other-account-search-product-search,22
account-other-account-search-search-account,7
account-other-account-search-search-end,4
account-other-account-search-search-product,18
account-other-account-search-search-search,8
account-other-end,6857
account-other-home-account-account-account,62
account-other-home-account-account-end,12
account-other-home-account-account-home,17
account-other-home-account-account-other,11
account-other-home-account-account-product,33
account-other-home-account-account-search,5
account-other-home-account-end,37
account-other-home-account-home-account,7
account-other-home-account-home-end,4
account-other-home-account-home-home,3
account-other-home-account-home-other,6
account-other-home-account-home-product,11
account-other-home-account-home-search,2
account-other-home-account-other-account,3
account-other-home-account-other-end,2
account-other-home-account-other-home,11
account-other-home-account-other-other,7
account-other-home-account-other-product,3
account-other-home-account-product-account,22
account-other-home-account-product-end,18
account-other-home-account-product-home,9
account-other-home-account-product-other,6
account-other-home-account-product-product,16
account-other-home-account-product-search,4
account-other-home-account-search-account,3
account-other-home-account-search-home,1
account-other-home-account-search-product,5
account-other-home-account-search-search,3
account-other-home-end,478
account-other-home-home-account-account,22
account-other-home-home-account-end,3
account-other-home-home-account-home,1
account-other-home-home-account-other,8
account-other-home-home-account-product,5
account-other-home-home-account-search,1
account-other-home-home-end,24
account-other-home-home-home-account,3
account-other-home-home-home-end,6
account-other-home-home-home-home,6
account-other-home-home-home-other,5
account-other-home-home-home-product,6
account-other-home-home-home-search,2
account-other-home-home-other-account,19
account-other-home-home-other-end,9
account-other-home-home-other-home,2
account-other-home-home-other-other,17
account-other-home-home-other-product,12
account-other-home-home-other-search,2
account-other-home-home-product-account,11
account-other-home-home-product-end,7
account-other-home-home-product-home,10
account-other-home-home-product-other,1
account-other-home-home-product-product,11
account-other-home-home-product-search,1
account-other-home-home-search-account,4
account-other-home-home-search-end,1
account-other-home-home-search-home,1
account-other-home-home-search-product,10
account-other-home-home-search-search,5
account-other-home-other-account-account,9
account-other-home-other-account-end,6
account-other-home-other-account-home,2
account-other-home-other-account-other,2
account-other-home-other-account-product,2
account-other-home-other-end,15
account-other-home-other-home-account,3
account-other-home-other-home-end,6
account-other-home-other-home-home,2
account-other-home-other-home-other,2
account-other-home-other-home-product,3
account-other-home-other-other-account,2
account-other-home-other-other-end,7
account-other-home-other-other-home,4
account-other-home-other-other-other,18
account-other-home-other-other-product,10
account-other-home-other-product-account,5
account-other-home-other-product-end,9
account-other-home-other-product-home,3
account-other-home-other-product-other,1
account-other-home-other-product-product,9
account-other-home-other-search-account,2
account-other-home-other-search-end,1
account-other-home-product-account-account,70
account-other-home-product-account-end,12
account-other-home-product-account-home,20
account-other-home-product-account-other,15
account-other-home-product-account-product,48
account-other-home-product-account-search,8
account-other-home-product-end,227
account-other-home-product-home-account,20
account-other-home-product-home-end,35
account-other-home-product-home-home,9
account-other-home-product-home-other,9
account-other-home-product-home-product,80
account-other-home-product-home-search,10
account-other-home-product-other-account,10
account-other-home-product-other-end,3
account-other-home-product-other-home,6
account-other-home-product-other-other,11
account-other-home-product-other-product,5
account-other-home-product-other-search,1
account-other-home-product-product-account,50
account-other-home-product-product-end,69
account-other-home-product-product-home,34
account-other-home-product-product-other,13
account-other-home-product-product-product,145
account-other-home-product-product-search,24
account-other-home-product-search-account,7
account-other-home-product-search-end,4
account-other-home-product-search-product,29
account-other-home-product-search-search,8
account-other-home-search-account-account,14
account-other-home-search-account-end,5
account-other-home-search-account-home,2
account-other-home-search-account-other,3
account-other-home-search-account-product,7
account-other-home-search-end,5
account-other-home-search-home-end,1
account-other-home-search-other-end,1
account-other-home-search-product-account,10
account-other-home-search-product-end,21
account-other-home-search-product-home,7
account-other-home-search-product-other,3
account-other-home-search-product-product,46
account-other-home-search-product-search,14
account-other-home-search-search-account,1
account-other-home-search-search-end,2
account-other-home-search-search-product,17
account-other-home-search-search-search,12
account-other-other-account-account-account,485
account-other-other-account-account-end,124
account-other-other-account-account-home,34
account-other-other-account-account-other,173
account-other-other-account-account-product,182
account-other-other-account-account-search,29
account-other-other-account-end,453
